Id,Country,State,County,Basin,Data_Source,EIA_DPR_Region,EIA_PAD_District,EIA_Refining_District,Sub_Basin,GIS_Basin,GIS_Sub_Basin,Alternative_Basin,Shale_Plays,EPA_Basin
12728,United States,North Dakota,McKenzie,Williston,null,Bakken Region,PADD 2,Minnesota-Wisconsin-North Dakota-South Dakota,Bakken (core),Williston,Antelope,Bakken,"Bakken Shale, US",395 - Williston Basin
12729,United States,North Dakota,McKenzie,Williston,null,Bakken Region,PADD 2,Minnesota-Wisconsin-North Dakota-South Dakota,Bakken (core),Williston,Antelope,Bakken,"North Dakota (Other), US",395 - Williston Basin
12730,United States,North Dakota,McKenzie,Williston,null,Bakken Region,PADD 2,Minnesota-Wisconsin-North Dakota-South Dakota,Bakken (core),Williston,Antelope,Bakken,Not shale play,395 - Williston Basin
12731,United States,North Dakota,McKenzie,Williston,null,Bakken Region,PADD 2,Minnesota-Wisconsin-North Dakota-South Dakota,Bakken (core),Williston,Fort Berthold - Other,Bakken,"Bakken Shale, US",395 - Williston Basin
12732,United States,North Dakota,McKenzie,Williston,null,Bakken Region,PADD 2,Minnesota-Wisconsin-North Dakota-South Dakota,Bakken (core),Williston,Fort Berthold - Other,Bakken,"North Dakota (Other), US",395 - Williston Basin
12733,United States,North Dakota,McKenzie,Williston,null,Bakken Region,PADD 2,Minnesota-Wisconsin-North Dakota-South Dakota,Bakken (core),Williston,Fort Berthold - Other,Bakken,Not shale play,395 - Williston Basin
12735,United States,North Dakota,McKenzie,Williston,null,Bakken Region,PADD 2,Minnesota-Wisconsin-North Dakota-South Dakota,Bakken (core),Williston,Southern Williston,Bakken,"North Dakota (Other), US",395 - Williston Basin
12736,United States,North Dakota,McKenzie,Williston,null,Bakken Region,PADD 2,Minnesota-Wisconsin-North Dakota-South Dakota,Bakken (core),Williston,Southern Williston,Bakken,Not shale play,395 - Williston Basin
12737,United States,North Dakota,McKenzie,Williston,null,Bakken Region,PADD 2,Minnesota-Wisconsin-North Dakota-South Dakota,Bakken (core),Williston,Western Williston,Bakken,"Bakken Shale, US",395 - Williston Basin
12738,United States,North Dakota,McKenzie,Williston,null,Bakken Region,PADD 2,Minnesota-Wisconsin-North Dakota-South Dakota,Bakken (core),Williston,Western Williston,Bakken,"North Dakota (Other), US",395 - Williston Basin
12739,United States,North Dakota,McKenzie,Williston,null,Bakken Region,PADD 2,Minnesota-Wisconsin-North Dakota-South Dakota,Bakken (core),Williston,Western Williston,Bakken,Not shale play,395 - Williston Basin
12734,United States,North Dakota,McKenzie,Williston,null,Bakken Region,PADD 2,Minnesota-Wisconsin-North Dakota-South Dakota,Bakken (core),Williston,Southern Williston,Bakken,"Bakken Shale, US",395 - Williston Basin
